1,n,1.008664916
1,H,1.007825032
2,H,2.014101778
3,H,3.016049281
3,He,3.016029322
3,Li,3.030775
4,H,4.026431867
4,He,4.002603254
4,Li,4.027185561
5,H,5.035311492
5,He,5.012057224
5,Li,5.0125378
5,Be,5.03987
6,H,6.044955437
6,He,6.018885889
6,Li,6.015122887
6,Be,6.019726409
6,B,6.0508
7,H,7.052749
7,He,7.027990652
7,Li,7.016003434
7,Be,7.016928714
7,B,7.029712
8,He,8.033934388
8,Li,8.022486244
8,Be,8.005305102
8,B,8.024607315
8,C,8.037643039
9,He,9.043946414
9,Li,9.026790191
9,Be,9.012183062
9,B,9.013329645
9,C,9.031037202
10,He,10.05281531
10,Li,10.03548345
10,Be,10.01353469
10,B,10.01293686
10,C,10.01685322
10,N,10.04165354
11,Li,11.04372358
11,Be,11.02166108
11,B,11.00930517
11,C,11.0114326
11,N,11.02615759
11,O,11.05124983
12,Li,12.05261394
12,Be,12.02692208
12,B,12.01435264
12,C,12
12,N,12.01861318
12,O,12.03436773
13,Li,13.0611715
13,Be,13.03613451
13,B,13.01777998
13,C,13.00335484
13,N,13.00573861
13,O,13.02481544
13,F,13.045121
14,Be,14.04289292
14,B,14.02540401
14,C,14.00324199
14,N,14.003074
14,O,14.00859671
14,F,14.0343152
15,Be,15.05349022
15,B,15.03108702
15,C,15.01059926
15,N,15.0001089
15,O,15.00306564
15,F,15.01778514
15,Ne,15.04317298
16,Be,16.06167204
16,B,16.03984105
16,C,16.01470126
16,N,16.00610193
16,O,15.99491462
16,F,16.01146028
16,Ne,16.02575086
17,B,17.0469314
17,C,17.02257865
17,N,17.00844888
17,O,16.99913176
17,F,17.00209524
17,Ne,17.01771396
17,Na,17.037273
18,B,18.05560168
18,C,18.02675193
18,N,18.01407756
18,O,17.99915961
18,F,18.00093732
18,Ne,18.0057087
18,Na,18.02687939
19,B,19.064166
19,C,19.03479759
19,N,19.01702239
19,O,19.00357797
19,F,18.99840316
19,Ne,19.00188091
19,Na,19.01388026
19,Mg,19.03417992
20,B,20.07450564
20,C,20.04026173
20,N,20.0233673
20,O,20.00407536
20,F,19.99998125
20,Ne,19.99244018
20,Na,20.0073543
20,Mg,20.01876308
21,B,21.08414749
21,C,21.049
21,N,21.02708757
21,O,21.00865495
21,F,20.99994889
21,Ne,20.99384669
21,Na,20.99765446
21,Mg,21.01170576
21,Al,21.029082
22,C,22.05755399
22,N,22.03410092
22,O,22.00996574
22,F,22.00299881
22,Ne,21.99138511
22,Na,21.99443755
22,Mg,21.9995706
22,Al,22.01954
22,Si,22.036114
23,C,23.06889
23,N,23.039421
23,O,23.01569669
23,F,23.00352688
23,Ne,22.99446691
23,Na,22.98976928
23,Mg,22.99412377
23,Al,23.00724435
23,Si,23.025711
24,N,24.05039
24,O,24.019861
24,F,24.00809937
24,Ne,23.99361065
24,Na,23.99096301
24,Mg,23.98504169
24,Al,23.9999476
24,Si,24.01153543
24,P,24.036522
25,N,25.0601
25,O,25.02933892
25,F,25.01216773
25,Ne,24.9978148
25,Na,24.98995397
25,Mg,24.98583697
25,Al,24.99042831
25,Si,25.0041088
25,P,25.021675
26,O,26.03721016
26,F,26.02004807
26,Ne,26.0005165
26,Na,25.99263465
26,Mg,25.98259297
26,Al,25.98689188
26,Si,25.99233382
26,P,26.01178
26,S,26.029716
27,O,27.047955
27,F,27.0269819
27,Ne,27.00756946
27,Na,26.99407641
27,Mg,26.98434065
27,Al,26.98153841
27,Si,26.98670469
27,P,26.9992925
27,S,27.018777
28,O,28.05591
28,F,28.03586045
28,Ne,28.01213077
28,Na,27.998939
28,Mg,27.98387543
28,Al,27.98191001
28,Si,27.97692653
28,P,27.99232646
28,S,28.00437276
28,Cl,28.030349
29,F,29.043103
29,Ne,29.019753
29,Na,29.00287709
29,Mg,28.98860716
29,Al,28.98045316
29,Si,28.97649466
29,P,28.98180037
29,S,28.996678
29,Cl,29.015053
29,Ar,29.040761
30,F,30.052561
30,Ne,30.02499224
30,Na,30.00909793
30,Mg,29.99046545
30,Al,29.98296917
30,Si,29.97377014
30,P,29.97831349
30,S,29.98490677
30,Cl,30.00501833
30,Ar,30.023694
31,F,31.061023
31,Ne,31.03347482
31,Na,31.01314665
31,Mg,30.99664823
31,Al,30.98394975
31,Si,30.9753632
31,P,30.973762
31,S,30.979557
31,Cl,30.9924481
31,Ar,31.012158
31,K,31.03678
32,Ne,32.03972
32,Na,32.02001102
32,Mg,31.99911014
32,Al,31.98808434
32,Si,31.97415154
32,P,31.97390764
32,S,31.97207117
32,Cl,31.98568461
32,Ar,31.99763782
32,K,32.023607
33,Ne,33.049523
33,Na,33.025529
33,Mg,33.00532786
33,Al,32.99087769
33,Si,32.97797696
33,P,32.97172569
33,S,32.97145891
33,Cl,32.97745199
33,Ar,32.98992555
33,K,33.008095
33,Ca,33.033312
34,Ne,34.056728
34,Na,34.03401
34,Mg,34.00893546
34,Al,33.99678192
34,Si,33.97853805
34,P,33.97364589
34,S,33.96786701
34,Cl,33.97376249
34,Ar,33.98027009
34,K,33.99869
34,Ca,34.015985
35,Na,35.040614
35,Mg,35.01679
35,Al,34.99975982
35,Si,34.98455011
35,P,34.97331405
35,S,34.96903232
35,Cl,34.96885269
35,Ar,34.97525772
35,K,34.98800541
35,Ca,35.005572
35,Sc,35.029093
36,Na,36.049279
36,Mg,36.021879
36,Al,36.006388
36,Si,35.98664927
36,P,35.97825961
36,S,35.96708069
36,Cl,35.96830682
36,Ar,35.96754511
36,K,35.98130189
36,Ca,35.99307439
36,Sc,36.017338
37,Na,37.057042
37,Mg,37.03028627
37,Al,37.010531
37,Si,36.99294519
37,P,36.97960694
37,S,36.9711255
37,Cl,36.96590257
37,Ar,36.9667763
37,K,36.97337589
37,Ca,36.98589785
37,Sc,37.004058
37,Ti,37.027021
38,Na,38.066458
38,Mg,38.03658
38,Al,38.017681
38,Si,37.995523
38,P,37.98430311
38,S,37.9711633
38,Cl,37.96801041
38,Ar,37.9627321
38,K,37.96908111
38,Ca,37.97631922
38,Sc,37.995438
38,Ti,38.012206
39,Na,39.075123
39,Mg,39.045921
39,Al,39.02307
39,Si,39.002491
39,P,38.98628587
39,S,38.97513385
39,Cl,38.96800815
39,Ar,38.96431304
39,K,38.96370648
39,Ca,38.97071081
39,Sc,38.98478495
39,Ti,39.002684
39,V,39.02423
40,Mg,40.053194
40,Al,40.03094
40,Si,40.00608364
40,P,39.99126222
40,S,39.97548256
40,Cl,39.97041547
40,Ar,39.96238312
40,K,39.96399817
40,Ca,39.96259085
40,Sc,39.97796728
40,Ti,39.99034515
40,V,40.013387
41,Mg,41.062373
41,Al,41.037134
41,Si,41.014171
41,P,40.994654
41,S,40.97959345
41,Cl,40.97068453
41,Ar,40.96450057
41,K,40.96182526
41,Ca,40.96227791
41,Sc,40.96925116
41,Ti,40.983148
41,V,41.000333
41,Cr,41.021911
42,Al,42.045078
42,Si,42.018078
42,P,42.00117214
42,S,41.9810651
42,Cl,41.973342
42,Ar,41.96304574
42,K,41.96240231
42,Ca,41.95861778
42,Sc,41.96551669
42,Ti,41.97304937
42,V,41.99182
42,Cr,42.007579
43,Al,43.05182
43,Si,43.026119
43,P,43.005411
43,S,42.98690764
43,Cl,42.9740637
43,Ar,42.96563606
43,K,42.9607347
43,Ca,42.95876638
43,Sc,42.96115043
43,Ti,42.96852842
43,V,42.980766
43,Cr,42.997885
43,Mn,43.018647
44,Si,44.031466
44,P,44.011927
44,S,43.99011885
44,Cl,43.97801492
44,Ar,43.96492381
44,K,43.96158698
44,Ca,43.95548149
44,Sc,43.95940282
44,Ti,43.95968994
44,V,43.97444098
44,Cr,43.985591
44,Mn,44.008009
45,Si,45.039818
45,P,45.017134
45,S,44.996414
45,Cl,44.98039435
45,Ar,44.96803973
45,K,44.96069149
45,Ca,44.95618627
45,Sc,44.95590705
45,Ti,44.95812076
45,V,44.9657685
45,Cr,44.97905
45,Mn,44.994654
45,Fe,45.015467
46,P,46.02452
46,S,46.000687
46,Cl,45.98525493
46,Ar,45.96803924
46,K,45.96198158
46,Ca,45.95368773
46,Sc,45.95516703
46,Ti,45.95262636
46,V,45.96019739
46,Cr,45.96836097
46,Mn,45.986669
46,Fe,46.001299
47,P,47.030929
47,S,47.00773
47,Cl,46.989715
47,Ar,46.97276711
47,K,46.96166161
47,Ca,46.95454113
47,Sc,46.95240244
47,Ti,46.95175749
47,V,46.95490356
47,Cr,46.962895
47,Mn,46.975774
47,Fe,46.992346
47,Co,47.011401
48,S,48.013301
48,Cl,47.995405
48,Ar,47.976001
48,K,47.96534118
48,Ca,47.95252265
48,Sc,47.9522229
48,Ti,47.94794068
48,V,47.9522509
48,Cr,47.95402943
48,Mn,47.96854876
48,Fe,47.980667
48,Co,48.001857
48,Ni,48.019515
49,S,49.021891
49,Cl,49.000794
49,Ar,48.981685
49,K,48.96821075
49,Ca,48.95566263
49,Sc,48.95001316
49,Ti,48.94786439
49,V,48.94851051
49,Cr,48.95133372
49,Mn,48.95961335
49,Fe,48.973429
49,Co,48.989501
49,Ni,49.009157
50,Cl,50.008266
50,Ar,49.985797
50,K,49.97238002
50,Ca,49.95749922
50,Sc,49.95218744
50,Ti,49.94478562
50,V,49.94715668
50,Cr,49.94604221
50,Mn,49.95423816
50,Fe,49.962988
50,Co,49.981117
50,Ni,49.996286
51,Cl,51.015341
51,Ar,50.993033
51,K,50.97582866
51,Ca,50.96099566
51,Sc,50.95356884
51,Ti,50.94660947
51,V,50.94395766
51,Cr,50.94476539
51,Mn,50.94820877
51,Fe,50.95685514
51,Co,50.970647
51,Ni,50.987493
52,Cl,52.024004
52,Ar,51.998519
52,K,51.981602
52,Ca,51.96321365
52,Sc,51.95649617
52,Ti,51.94688351
52,V,51.94477364
52,Cr,51.94050471
52,Mn,51.94555909
52,Fe,51.94811336
52,Co,51.96313022
52,Ni,51.975781
52,Cu,51.997982
53,Ar,53.00729
53,K,52.9868
53,Ca,52.968451
53,Sc,52.95837917
53,Ti,52.94967071
53,V,52.94433494
53,Cr,52.9406463
53,Mn,52.9412875
53,Fe,52.94530563
53,Co,52.95420328
53,Ni,52.96819
53,Cu,52.985894
54,Ar,54.013484
54,K,53.994471
54,Ca,53.972989
54,Sc,53.96302936
54,Ti,53.950892
54,V,53.94643201
54,Cr,53.93887736
54,Mn,53.94035577
54,Fe,53.93960819
54,Co,53.94845908
54,Ni,53.957833
54,Cu,53.977198
54,Zn,53.993879
55,K,55.000505
55,Ca,54.979978
55,Sc,54.96688964
55,Ti,54.955091
55,V,54.947262
55,Cr,54.94083664
55,Mn,54.93804304
55,Fe,54.93829116
55,Co,54.94199642
55,Ni,54.95132985
55,Cu,54.966038
55,Zn,54.984681
56,K,56.008567
56,Ca,55.985496
56,Sc,55.97260761
56,Ti,55.95767768
56,V,55.95042008
56,Cr,55.94064898
56,Mn,55.93890282
56,Fe,55.93493554
56,Co,55.93983803
56,Ni,55.94212776
56,Cu,55.95852928
56,Zn,55.972743
56,Ga,55.995878
57,K,57.015169
57,Ca,56.992958
57,Sc,56.977048
57,Ti,56.9630681
57,V,56.952297
57,Cr,56.94361211
57,Mn,56.93828594
57,Fe,56.93539195
57,Co,56.93628982
57,Ni,56.93979139
57,Cu,56.94921169
57,Zn,56.965056
57,Ga,56.983457
58,K,58.023543
58,Ca,57.998357
58,Sc,57.983382
58,Ti,57.96680852
58,V,57.95659599
58,Cr,57.9441845
58,Mn,57.94006664
58,Fe,57.93327358
58,Co,57.93575129
58,Ni,57.93534165
58,Cu,57.94453228
58,Zn,57.9545903
58,Ga,57.974729
58,Ge,57.991863
59,K,59.030864
59,Ca,59.006237
59,Sc,58.988374
59,Ti,58.972217
59,V,58.95962334
59,Cr,58.94834543
59,Mn,58.94039111
59,Fe,58.93487349
59,Co,58.93319352
59,Ni,58.93434544
59,Cu,58.93949671
59,Zn,58.94931189
59,Ga,58.963757
59,Ge,58.982426
60,Ca,60.011809
60,Sc,59.995115
60,Ti,59.976275
60,V,59.96447922
60,Cr,59.94964166
60,Mn,59.94313657
60,Fe,59.93407025
60,Co,59.93381554
60,Ni,59.93078513
60,Cu,59.93736379
60,Zn,59.94184132
60,Ga,59.957498
60,Ge,59.970445
60,As,59.993945
61,Ca,61.020408
61,Sc,61.000537
61,Ti,60.982426
61,V,60.96760353
61,Cr,60.95437813
61,Mn,60.94445254
61,Fe,60.93674624
61,Co,60.93247603
61,Ni,60.93105482
61,Cu,60.93345738
61,Zn,60.93950696
61,Ga,60.94939886
61,Ge,60.963725
61,As,60.981535
62,Sc,62.007848
62,Ti,61.986903
62,V,61.97293256
62,Cr,61.95614292
62,Mn,61.94790738
62,Fe,61.93679181
62,Co,61.9340582
62,Ni,61.92834475
62,Cu,61.9325948
62,Zn,61.93433336
62,Ga,61.94418964
62,Ge,61.954761
62,As,61.973784
63,Sc,63.014031
63,Ti,62.993709
63,V,62.976661
63,Cr,62.961161
63,Mn,62.94966467
63,Fe,62.9402727
63,Co,62.93359963
63,Ni,62.92966902
63,Cu,62.92959712
63,Zn,62.93321114
63,Ga,62.93929419
63,Ge,62.949628
63,As,62.964036
63,Se,62.981911
64,Ti,63.998411
64,V,63.98248
64,Cr,63.963886
64,Mn,63.95384937
64,Fe,63.94098776
64,Co,63.93581018
64,Ni,63.92796623
64,Cu,63.929764
64,Zn,63.92914178
64,Ga,63.93684037
64,Ge,63.94168991
64,As,63.95756
64,Se,63.971165
65,Ti,65.005593
65,V,64.986999
65,Cr,64.969608
65,Mn,64.95601975
65,Fe,64.94501532
65,Co,64.93646207
65,Ni,64.93008459
65,Cu,64.92778948
65,Zn,64.92924053
65,Ga,64.93273442
65,Ge,64.93936814
65,As,64.949611
65,Se,64.964552
65,Br,64.982297
66,V,65.993237
66,Cr,65.973011
66,Mn,65.96054683
66,Fe,65.94624996
66,Co,65.93944294
66,Ni,65.92913933
66,Cu,65.9288688
66,Zn,65.92603364
66,Ga,65.93158977
66,Ge,65.93386212
66,As,65.94414878
66,Se,65.955276
66,Br,65.974697
67,V,66.998128
67,Cr,66.979313
67,Mn,66.96395
67,Fe,66.95093
67,Co,66.94060963
67,Ni,66.93156941
67,Cu,66.92772949
67,Zn,66.92712742
67,Ga,66.92820228
67,Ge,66.932717
67,As,66.93925111
67,Se,66.949994
67,Br,66.965078
67,Kr,66.983305
68,Cr,67.983156
68,Mn,67.968953
68,Fe,67.952875
68,Co,67.9445594
68,Ni,67.93186879
68,Cu,67.92961089
68,Zn,67.92484423
68,Ga,67.92798016
68,Ge,67.92809531
68,As,67.93677413
68,Se,67.94182524
68,Br,67.958356
68,Kr,67.972489
69,Cr,68.989662
69,Mn,68.972775
69,Fe,68.957918
69,Co,68.945909
69,Ni,68.93561027
69,Cu,68.92942927
69,Zn,68.92655036
69,Ga,68.92557353
69,Ge,68.92796447
69,As,68.93224629
69,Se,68.93941485
69,Br,68.95033841
69,Kr,68.965496
70,Cr,69.993945
70,Mn,69.978046
70,Fe,69.960397
70,Co,69.9500534
70,Ni,69.9364313
70,Cu,69.93239208
70,Zn,69.92531918
70,Ga,69.92602191
70,Ge,69.92424854
70,As,69.93093464
70,Se,69.93351552
70,Br,69.94479232
70,Kr,69.955877
71,Mn,70.982158
71,Fe,70.965722
71,Co,70.95236692
71,Ni,70.94051896
71,Cu,70.93267683
71,Zn,70.92771958
71,Ga,70.92470255
71,Ge,70.92495212
71,As,70.92711359
71,Se,70.93220943
71,Br,70.93934215
71,Kr,70.9502657
71,Rb,70.965335
72,Mn,71.988009
72,Fe,71.968599
72,Co,71.956736
72,Ni,71.94178592
72,Cu,71.93582031
72,Zn,71.92684281
72,Ga,71.92636745
72,Ge,71.92207582
72,As,71.92675229
72,Se,71.92714051
72,Br,71.93659461
72,Kr,71.94209241
72,Rb,71.958851
73,Mn,72.992807
73,Fe,72.974246
73,Co,72.959238
73,Ni,72.94620668
73,Cu,72.93667438
73,Zn,72.92958258
73,Ga,72.92517468
73,Ge,72.92345895
73,As,72.92382909
73,Se,72.92675488
73,Br,72.93167344
73,Kr,72.93928919
73,Rb,72.95060451
73,Sr,72.9657
74,Fe,73.977821
74,Co,73.963993
74,Ni,73.947718
74,Cu,73.93987486
74,Zn,73.92940726
74,Ga,73.92694573
74,Ge,73.92117776
74,As,73.9239286
74,Se,73.92247593
74,Br,73.92991028
74,Kr,73.93308402
74,Rb,73.94426587
74,Sr,73.95617
75,Fe,74.984219
75,Co,74.967192
75,Ni,74.952506
75,Cu,74.94152382
75,Zn,74.93284024
75,Ga,74.92650448
75,Ge,74.92285837
75,As,74.92159456
75,Se,74.92252287
75,Br,74.92581057
75,Kr,74.93094574
75,Rb,74.9385732
75,Sr,74.94995277
75,Y,74.96584
76,Fe,75.988631
76,Co,75.972453
76,Ni,75.954707
76,Cu,75.94526897
76,Zn,75.93311496
76,Ga,75.92882762
76,Ge,75.92140273
76,As,75.92239201
76,Se,75.9192137
76,Br,75.92454157
76,Kr,75.92591074
76,Rb,75.93507303
76,Sr,75.94176276
76,Y,75.958937
77,Co,76.976479
77,Ni,76.959903
77,Cu,76.9475436
77,Zn,76.9368872
77,Ga,76.9291543
77,Ge,76.92354984
77,As,76.92064756
77,Se,76.91991415
77,Br,76.92137919
77,Kr,76.92467
77,Rb,76.9304016
77,Sr,76.93794545
77,Y,76.950146
77,Zr,76.966076
78,Co,77.983553
78,Ni,77.962555
78,Cu,77.95191652
78,Zn,77.9382892
78,Ga,77.93161085
78,Ge,77.92285291
78,As,77.92182777
78,Se,77.91730924
78,Br,77.92114586
78,Kr,77.92036634
78,Rb,77.92814187
78,Sr,77.93217998
78,Y,77.94399
78,Zr,77.956146
79,Ni,78.969769
79,Cu,78.9544731
79,Zn,78.94263807
79,Ga,78.93285158
79,Ge,78.92535951
79,As,78.92094842
79,Se,78.91849925
79,Br,78.91833757
79,Kr,78.92008292
79,Rb,78.9239901
79,Sr,78.92970469
79,Y,78.937946
79,Zr,78.94979
79,Nb,78.966022
80,Ni,79.975051
80,Cu,79.960623
80,Zn,79.94455293
80,Ga,79.93642077
80,Ge,79.92535077
80,As,79.92247444
80,Se,79.91652176
80,Br,79.91852978
80,Kr,79.91637794
80,Rb,79.92251644
80,Sr,79.92451754
80,Y,79.93435475
80,Zr,79.941213
80,Nb,79.958754
81,Ni,80.982727
81,Cu,80.965743
81,Zn,80.95040262
81,Ga,80.93813384
81,Ge,80.92883294
81,As,80.92213229
81,Se,80.91799302
81,Br,80.9162882
81,Kr,80.9165897
81,Rb,80.9189939
81,Sr,80.92321139
81,Y,80.92945428
81,Zr,80.938245
81,Nb,80.95023
81,Mo,80.966226
82,Ni,81.988492
82,Cu,81.972378
82,Zn,81.9545741
82,Ga,81.94317653
82,Ge,81.92977403
82,As,81.92473873
82,Se,81.91669953
82,Br,81.91680175
82,Kr,81.91348115
82,Rb,81.91820902
82,Sr,81.91839985
82,Y,81.92693019
82,Zr,81.9317075
82,Nb,81.94438
82,Mo,81.956661
83,Cu,82.97811
83,Zn,82.961041
83,Ga,82.9471203
83,Ge,82.9345391
83,As,82.9252069
83,Se,82.9191186
83,Br,82.91517529
83,Kr,82.91412652
83,Rb,82.91511418
83,Sr,82.91755437
83,Y,82.92248403
83,Zr,82.92924093
83,Nb,82.93815
83,Mo,82.950252
83,Tc,82.966377
84,Cu,83.985271
84,Zn,83.965829
84,Ga,83.952663
84,Ge,83.93757509
84,As,83.92930329
84,Se,83.91846676
84,Br,83.91649642
84,Kr,83.91149773
84,Rb,83.91437522
84,Sr,83.91341912
84,Y,83.92067106
84,Zr,83.92332566
84,Nb,83.93430571
84,Mo,83.941846
84,Tc,83.959527
85,Zn,84.973054
85,Ga,84.957333
85,Ge,84.94296966
85,As,84.93216366
85,Se,84.92226076
85,Br,84.91564576
85,Kr,84.91252726
85,Rb,84.91178974
85,Sr,84.91293204
85,Y,84.91643304
85,Zr,84.9214432
85,Nb,84.92884584
85,Mo,84.93826074
85,Tc,84.950778
85,Ru,84.967117
86,Zn,85.978463
86,Ga,85.963757
86,Ge,85.946967
86,As,85.93670153
86,Se,85.92431173
86,Br,85.91880543
86,Kr,85.91061062
86,Rb,85.91116744
86,Sr,85.90926072
86,Y,85.9148861
86,Zr,85.91629681
86,Nb,85.92578154
86,Mo,85.93117409
86,Tc,85.944637
86,Ru,85.957305
87,Ga,86.969007
87,Ge,86.953204
87,As,86.94029172
87,Se,86.92868862
87,Br,86.92067402
87,Kr,86.91335476
87,Rb,86.90918053
87,Sr,86.90887749
87,Y,86.9108761
87,Zr,86.91481734
87,Nb,86.92069247
87,Mo,86.9281962
87,Tc,86.93806719
87,Ru,86.950907
88,Ga,87.975963
88,Ge,87.957574
88,As,87.94584
88,Se,87.93141749
88,Br,87.92408329
88,Kr,87.91444788
88,Rb,87.91131559
88,Sr,87.90561225
88,Y,87.90950127
88,Zr,87.91022072
88,Nb,87.91822648
88,Mo,87.92196778
88,Tc,87.93379421
88,Ru,87.941664
88,Rh,87.960429
89,Ge,88.96453
89,As,88.950048
89,Se,88.93666906
89,Br,88.92670456
89,Kr,88.91783545
89,Rb,88.91227814
89,Sr,88.90745081
89,Y,88.90583816
89,Zr,88.90887975
89,Nb,88.9134447
89,Mo,88.91946815
89,Tc,88.92764865
89,Ru,88.93733785
89,Rh,88.950992
90,Ge,89.969436
90,As,89.955995
90,Se,89.940096
90,Br,89.93129285
90,Kr,89.91952793
90,Rb,89.91479756
90,Sr,89.90772787
90,Y,89.90714175
90,Zr,89.90469876
90,Nb,89.9112592
90,Mo,89.91393127
90,Tc,89.92407392
90,Ru,89.93034438
90,Rh,89.944569
90,Pd,89.95737
91,As,90.960816
91,Se,90.9457
91,Br,90.93439862
91,Kr,90.92380631
91,Rb,90.91653726
91,Sr,90.91019594
91,Y,90.90729805
91,Zr,90.90564021
91,Nb,90.90699026
91,Mo,90.91174519
91,Tc,90.91842497
91,Ru,90.92674153
91,Rh,90.937123
91,Pd,90.950435
92,As,91.967386
92,Se,91.94984
92,Br,91.9396316
92,Kr,91.92617309
92,Rb,91.91972848
92,Sr,91.91103822
92,Y,91.90894575
92,Zr,91.90503534
92,Nb,91.90718858
92,Mo,91.90680715
92,Tc,91.91526978
92,Ru,91.92023437
92,Rh,91.93236769
92,Pd,91.94119223
92,Ag,91.95971
93,Se,92.956135
93,Br,92.94322
93,Kr,92.93114717
93,Rb,92.92203933
93,Sr,92.91402431
93,Y,92.90957843
93,Zr,92.90647066
93,Nb,92.90637317
93,Mo,92.90680877
93,Tc,92.91024515
93,Ru,92.91710444
93,Rh,92.92591278
93,Pd,92.93668043
93,Ag,92.950188
94,Se,93.96049
94,Br,93.948846
94,Kr,93.93414045
94,Rb,93.92639482
94,Sr,93.91535564
94,Y,93.91159206
94,Zr,93.90631252
94,Nb,93.907279
94,Mo,93.90508359
94,Tc,93.90965232
94,Ru,93.91134286
94,Rh,93.92173045
94,Pd,93.92903629
94,Ag,93.943744
94,Cd,93.956586
95,Se,94.9673
95,Br,94.952925
95,Kr,94.93971092
95,Rb,94.92926385
95,Sr,94.91935828
95,Y,94.9128197
95,Zr,94.90804028
95,Nb,94.90683111
95,Mo,94.90583744
95,Tc,94.90765228
95,Ru,94.91040442
95,Rh,94.91589789
95,Pd,94.92488851
95,Ag,94.935688
95,Cd,94.949483
96,Br,95.95898
96,Kr,95.94301447
96,Rb,95.9341334
96,Sr,95.92171905
96,Y,95.91590931
96,Zr,95.90827762
96,Nb,95.90810159
96,Mo,95.90467477
96,Tc,95.90786668
96,Ru,95.90758891
96,Rh,95.91445171
96,Pd,95.91821374
96,Ag,95.9307439
96,Cd,95.940341
96,In,95.959109
97,Br,96.963499
97,Kr,96.94908878
97,Rb,96.93717712
97,Sr,96.92637562
97,Y,96.9182867
97,Zr,96.9109638
97,Nb,96.90810162
97,Mo,96.9060169
97,Tc,96.90636072
97,Ru,96.90754578
97,Rh,96.91132787
97,Pd,96.91647199
97,Ag,96.9238814
97,Cd,96.93479934
97,In,96.949125
98,Br,97.969887
98,Kr,97.952635
98,Rb,97.94163232
98,Sr,97.92869264
98,Y,97.92239484
98,Zr,97.91274045
98,Nb,97.91033265
98,Mo,97.90540361
98,Tc,97.90721121
98,Ru,97.90528671
98,Rh,97.91070773
98,Pd,97.91269834
98,Ag,97.92155997
98,Cd,97.92738932
98,In,97.942129
99,Kr,98.958776
99,Rb,98.94511919
99,Sr,98.9328836
99,Y,98.92416084
99,Zr,98.91667508
99,Nb,98.91160938
99,Mo,98.9077073
99,Tc,98.90624968
99,Ru,98.90593028
99,Rh,98.90812124
99,Pd,98.91177307
99,Ag,98.91764577
99,Cd,98.92492585
99,In,98.93411
99,Sn,98.948495
100,Kr,99.962995
100,Rb,99.95033153
100,Sr,99.93578327
100,Y,99.92772768
100,Zr,99.9180105
100,Nb,99.91434058
100,Mo,99.90746798
100,Tc,99.90765272
100,Ru,99.90421046
100,Rh,99.90811415
100,Pd,99.90852044
100,Ag,99.91611544
100,Cd,99.92034883
100,In,99.93110193
100,Sn,99.93864894
101,Kr,0.969318
101,Rb,0.954302
101,Sr,0.940606264
101,Y,0.930160817
101,Zr,0.921458454
101,Nb,0.915306508
101,Mo,0.910337648
101,Tc,0.907305271
101,Ru,0.905573086
101,Rh,0.906158903
101,Pd,0.908284824
101,Ag,0.912683951
101,Cd,0.918586209
101,In,0.926414025
101,Sn,0.935259252
102,Rb,1.960008
102,Sr,1.944004679
102,Y,1.934328471
102,Zr,1.923154181
102,Nb,1.918090447
102,Mo,1.910293725
102,Tc,1.909207239
102,Ru,1.904340312
102,Rh,1.906834282
102,Pd,1.905632292
102,Ag,1.911704538
102,Cd,1.914481797
102,In,1.924105911
102,Sn,1.930289525
102,Sb,1.945142
103,Rb,2.964401
103,Sr,2.949243
103,Y,2.937243796
103,Zr,2.927204054
103,Nb,2.919453416
103,Mo,2.913091954
103,Tc,2.90917396
103,Ru,2.906314846
103,Rh,2.905494081
103,Pd,2.906111074
103,Ag,2.908960558
103,Cd,2.913416922
103,In,2.91987883
103,Sn,2.927973
103,Sb,2.939162
104,Rb,3.970531
104,Sr,3.953022
104,Y,3.941943
104,Zr,3.929449193
104,Nb,3.922907728
104,Mo,3.913747443
104,Tc,3.911433718
104,Ru,3.905425312
104,Rh,3.906645309
104,Pd,3.904030393
104,Ag,3.908623715
104,Cd,3.909856228
104,In,3.918214538
104,Sn,3.923105195
104,Sb,3.936344
104,Te,3.946723408
105,Sr,4.959001
105,Y,4.945711
105,Zr,4.934021832
105,Nb,4.924942577
105,Mo,4.916981989
105,Tc,4.911662024
105,Ru,4.907745478
105,Rh,4.905687787
105,Pd,4.905079479
105,Ag,4.906525604
105,Cd,4.909463893
105,In,4.914502322
105,Sn,4.921268421
105,Sb,4.931276547
105,Te,4.943304516
106,Sr,5.963177
106,Y,5.950842
106,Zr,5.93693
106,Nb,5.928928505
106,Mo,5.918273231
106,Tc,5.914356674
106,Ru,5.907328181
106,Rh,5.907285879
106,Pd,5.903480287
106,Ag,5.906663499
106,Cd,5.906459791
106,In,5.913463596
106,Sn,5.916957394
106,Sb,5.928637979
106,Te,5.937498521
106,I,5.953516
107,Sr,6.969672
107,Y,6.954943
107,Zr,6.942007
107,Nb,6.931589685
107,Mo,6.92211977
107,Tc,6.915458437
107,Ru,6.909969837
107,Rh,6.906747975
107,Pd,6.905128058
107,Ag,6.905091509
107,Cd,6.906612049
107,In,6.910287497
107,Sn,6.915713649
107,Sb,6.924150621
107,Te,6.934882
107,I,6.946935
108,Y,7.960515
108,Zr,7.945303
108,Nb,7.936075604
108,Mo,7.924047508
108,Tc,7.918493493
108,Ru,7.910185793
108,Rh,7.908715304
108,Pd,7.903891806
108,Ag,7.905950245
108,Cd,7.904183588
108,In,7.909693654
108,Sn,7.91189429
108,Sb,7.922226731
108,Te,7.929380469
108,I,7.943348
108,Xe,7.954232285
109,Y,8.965131
109,Zr,8.950907
109,Nb,8.939141
109,Mo,8.928438318
109,Tc,8.920254107
109,Ru,8.913323707
109,Rh,8.908749555
109,Pd,8.905950576
109,Ag,8.904755778
109,Cd,8.904986697
109,In,8.907149679
109,Sn,8.911292857
109,Sb,8.918141203
109,Te,8.927304532
109,I,8.938086022
109,Xe,8.950434955
110,Zr,9.954675
110,Nb,9.943843
110,Mo,9.930717956
110,Tc,9.923741263
110,Ru,9.914038501
110,Rh,9.911079745
110,Pd,9.905172878
110,Ag,9.906110724
110,Cd,9.90300747
110,In,9.907170674
110,Sn,9.907844835
110,Sb,9.916854283
110,Te,9.922458102
110,I,9.935085102
110,Xe,9.944258759
111,Zr,10.960837
111,Nb,10.947439
111,Mo,10.93565197
111,Tc,10.92589897
111,Ru,10.91756757
111,Rh,10.91164316
111,Pd,10.90769036
111,Ag,10.90529683
111,Cd,10.90418378
111,In,10.90510724
111,Sn,10.90774114
111,Sb,10.91321819
111,Te,10.92100059
111,I,10.93026924
111,Xe,10.94147
111,Cs,10.953945
112,Zr,11.965196
112,Nb,11.952689
112,Mo,11.938293
112,Tc,11.92994166
112,Ru,11.91880692
112,Rh,11.9144052
112,Pd,11.90733056
112,Ag,11.90704855
112,Cd,11.9027639
112,In,11.90553872
112,Sn,11.90482489
112,Sb,11.9123999
112,Te,11.91672785
112,I,11.92800455
112,Xe,11.93555907
112,Cs,11.950172
113,Zr,12.971723
113,Nb,12.956833
113,Mo,12.943478
113,Tc,12.93256903
113,Ru,12.92284673
113,Rh,12.91544021
113,Pd,12.91026191
113,Ag,12.90657287
113,Cd,12.90440811
113,In,12.90406045
113,Sn,12.90517586
113,Sb,12.90937466
113,Te,12.915891
113,I,12.92365006
113,Xe,12.93322166
113,Cs,12.94442848
113,Ba,12.95737
114,Nb,13.962469
114,Mo,13.946666
114,Tc,13.93709
114,Ru,13.92461443
114,Rh,13.91872168
114,Pd,13.91036943
114,Ag,13.90882303
114,Cd,13.903365
114,In,13.90491641
114,Sn,13.90278013
114,Sb,13.90928916
114,Te,13.91208782
114,I,13.9220189
114,Xe,13.92798033
114,Cs,13.94129224
114,Ba,13.95071849
115,Nb,14.966849
115,Mo,14.952174
115,Tc,14.9401
115,Ru,14.92903305
115,Rh,14.92031165
115,Pd,14.91365933
115,Ag,14.90876745
115,Cd,14.90543743
115,In,14.90387877
115,Sn,14.9033447
115,Sb,14.906598
115,Te,14.911902
115,I,14.918048
115,Xe,14.92629394
115,Cs,14.93591
115,Ba,14.947482
116,Nb,15.972914
116,Mo,15.955759
116,Tc,15.94502
116,Ru,15.93121919
116,Rh,15.92406206
116,Pd,15.91429787
116,Ag,15.91138681
116,Cd,15.90476323
116,In,15.90525999
116,Sn,15.90174283
116,Sb,15.90679273
116,Te,15.90846556
116,I,15.91688551
116,Xe,15.92158096
116,Cs,15.933395
116,Ba,15.941621
116,La,15.957005
117,Mo,16.961686
117,Tc,16.94832
117,Ru,16.936135
117,Rh,16.92603629
117,Pd,16.91795558
117,Ag,16.91177409
117,Cd,16.90722604
117,In,16.90451573
117,Sn,16.90295404
117,Sb,16.90484152
117,Te,16.90864623
117,I,16.91364565
117,Xe,16.92035876
117,Cs,16.92861672
117,Ba,16.9383164
117,La,16.950326
118,Mo,17.965249
118,Tc,17.953526
118,Ru,17.938808
118,Rh,17.93034112
118,Pd,17.91906727
118,Ag,17.91459548
118,Cd,17.90692196
118,In,17.90635671
118,Sn,17.90160663
118,Sb,17.90553219
118,Te,17.9058601
118,I,17.913074
118,Xe,17.91617868
118,Cs,17.92655952
118,Ba,17.933226
118,La,17.946731
119,Mo,18.971465
119,Tc,18.956876
119,Ru,18.94409
119,Rh,18.93255695
119,Pd,18.92334114
119,Ag,18.91557031
119,Cd,18.90984705
119,In,18.90585162
119,Sn,18.90331127
119,Sb,18.90394406
119,Te,18.9064057
119,I,18.91006091
119,Xe,18.91541064
119,Cs,18.92237733
119,Ba,18.93065968
119,La,18.940934
119,Ce,18.952957
120,Tc,19.962426
120,Ru,19.946623
120,Rh,19.937069
120,Pd,19.92455175
120,Ag,19.91878477
120,Cd,19.90986807
120,In,19.90796749
120,Sn,19.90220256
120,Sb,19.90508031
120,Te,19.90406578
120,I,19.91009373
120,Xe,19.91178427
120,Cs,19.92067728
120,Ba,19.926045
120,La,19.938196
120,Ce,19.946613
121,Tc,20.96614
121,Ru,20.952098
121,Rh,20.939613
121,Pd,20.92895034
121,Ag,20.92012528
121,Cd,20.91296366
121,In,20.90785278
121,Sn,20.90424349
121,Sb,20.90381135
121,Te,20.90494507
121,I,20.90741149
121,Xe,20.91145301
121,Cs,20.91722724
121,Ba,20.92405229
121,La,20.933236
121,Ce,20.943435
121,Pr,20.955393
122,Tc,21.97176
122,Ru,21.955147
122,Rh,21.944305
122,Pd,21.93063169
122,Ag,21.92366445
122,Cd,21.91345905
122,In,21.91028246
122,Sn,21.90344549
122,Sb,21.90516934
122,Te,21.90304471
122,I,21.90759009
122,Xe,21.90836766
122,Cs,21.91610814
122,Ba,21.919904
122,La,21.93071
122,Ce,21.93787
122,Pr,21.951927
123,Ru,22.960762
123,Rh,22.947192
123,Pd,22.935126
123,Ag,22.92531506
123,Cd,22.91689246
123,In,22.91043525
123,Sn,22.90572707
123,Sb,22.90421529
123,Te,22.90427102
123,I,22.90558975
123,Xe,22.90848224
123,Cs,22.91299606
123,Ba,22.91878106
123,La,22.9263
123,Ce,22.93528
123,Pr,22.946076
124,Ru,23.96394
124,Rh,23.952002
124,Pd,23.937305
124,Ag,23.92889923
124,Cd,23.91765977
124,In,23.91318487
124,Sn,23.90527962
124,Sb,23.90593707
124,Te,23.90281834
124,I,23.9062103
124,Xe,23.90588517
124,Cs,23.91224737
124,Ba,23.91509363
124,La,23.92457428
124,Ce,23.93031
124,Pr,23.94294
124,Nd,23.951873
125,Ru,24.969544
125,Rh,24.955094
125,Pd,24.942072
125,Ag,24.930735
125,Cd,24.92125759
125,In,24.91367384
125,Sn,24.90778937
125,Sb,24.90525426
125,Te,24.90443118
125,I,24.90463061
125,Xe,24.90638764
125,Cs,24.90972595
125,Ba,24.91447184
125,La,24.92081593
125,Ce,24.92844
125,Pr,24.937659
125,Nd,24.948395
126,Rh,25.960064
126,Pd,25.944401
126,Ag,25.934814
126,Cd,25.92243029
126,In,25.9164682
126,Sn,25.90765896
126,Sb,25.90725316
126,Te,25.90331214
126,I,25.90562421
126,Xe,25.90429742
126,Cs,25.90944582
126,Ba,25.9112502
126,La,25.91951267
126,Ce,25.923971
126,Pr,25.93524
126,Nd,25.942694
126,Pm,25.957327
127,Rh,26.963789
127,Pd,26.949307
127,Ag,26.937037
127,Cd,26.92620329
127,In,26.91746604
127,Sn,26.91039173
127,Sb,26.90692556
127,Te,26.90522699
127,I,26.90447259
127,Xe,26.90518364
127,Cs,26.90741753
127,Ba,26.91109127
127,La,26.91637508
127,Ce,26.922727
127,Pr,26.93071
127,Nd,26.939978
127,Pm,26.951358
128,Rh,27.970649
128,Pd,27.952345
128,Ag,27.941266
128,Cd,27.92781678
128,In,27.92035364
128,Sn,27.91050783
128,Sb,27.90914612
128,Te,27.90446124
128,I,27.90580936
128,Xe,27.90353075
128,Cs,27.90774845
128,Ba,27.90835245
128,La,27.91559212
128,Ce,27.918911
128,Pr,27.928791
128,Nd,27.935018
128,Pm,27.948234
128,Sm,27.957971
129,Pd,28.959334
129,Ag,28.944315
129,Cd,28.9322356
129,In,28.92180853
129,Sn,28.91348244
129,Sb,28.90914662
129,Te,28.90659642
129,I,28.90498364
129,Xe,28.90478086
129,Cs,28.90606591
129,Ba,28.90868341
129,La,28.91269559
129,Ce,28.918102
129,Pr,28.925095
129,Nd,28.933038
129,Pm,28.942909
129,Sm,28.954557
130,Pd,29.964863
130,Ag,29.950727
130,Cd,29.93438756
130,In,29.92495226
130,Sn,29.91397453
130,Sb,29.91166269
130,Te,29.90622275
130,I,29.90667017
130,Xe,29.90350935
130,Cs,29.90670928
130,Ba,29.906326
130,La,29.91236941
130,Ce,29.914736
130,Pr,29.92359
130,Nd,29.928506
130,Pm,29.940451
130,Sm,29.948792
130,Eu,29.964022
131,Pd,30.972367
131,Ag,30.956253
131,Cd,30.94072774
131,In,30.92697284
131,Sn,30.91705307
131,Sb,30.91198934
131,Te,30.90852221
131,I,30.90612638
131,Xe,30.90508413
131,Cs,30.90546846
131,Ba,30.90694632
131,La,30.91007
131,Ce,30.91442947
131,Pr,30.92023496
131,Nd,30.92724802
131,Pm,30.935834
131,Sm,30.946022
131,Eu,30.957634
132,Ag,31.96307
132,Cd,31.94582314
132,In,31.93299844
132,Sn,31.9178239
132,Sb,31.91450801
132,Te,31.90854671
132,I,31.90799351
132,Xe,31.90415508
132,Cs,31.90643774
132,Ba,31.90506123
132,La,31.91011905
132,Ce,31.91146623
132,Pr,31.91924
132,Nd,31.92332124
132,Pm,31.93384
132,Sm,31.940805
132,Eu,31.954696
133,Ag,32.968781
133,Cd,32.952614
133,In,32.938067
133,Sn,32.92391375
133,Sb,32.91527213
133,Te,32.91096333
133,I,32.9078284
133,Xe,32.90591075
133,Cs,32.90545196
133,Ba,32.90600744
133,La,32.908218
133,Ce,32.9115204
133,Pr,32.91633056
133,Nd,32.922348
133,Pm,32.929782
133,Sm,32.93856
133,Eu,32.94929
133,Gd,32.961288
134,Cd,33.957638
134,In,33.944208
134,Sn,33.92868043
134,Sb,33.92053733
134,Te,33.91139638
134,I,33.90977566
134,Xe,33.90539303
134,Cs,33.9067185
134,Ba,33.90450825
134,La,33.90851401
134,Ce,33.90892814
134,Pr,33.91569673
134,Nd,33.91879021
134,Pm,33.928326
134,Sm,33.93411
134,Eu,33.946537
134,Gd,33.955416
135,Cd,34.964766
135,In,34.949425
135,Sn,34.9349086
135,Sb,34.92518435
135,Te,34.91655472
135,I,34.91005936
135,Xe,34.90723144
135,Cs,34.90597691
135,Ba,34.90568845
135,La,34.90698443
135,Ce,34.90916066
135,Pr,34.91311177
135,Nd,34.91818132
135,Pm,34.924785
135,Sm,34.93252
135,Eu,34.94187
135,Gd,34.952496
135,Tb,34.964516
136,In,35.956017
136,Sn,35.939699
136,Sb,35.93074901
136,Te,35.92010118
136,I,35.91460469
136,Xe,35.90721447
136,Cs,35.90731143
136,Ba,35.9045758
136,La,35.90763496
136,Ce,35.90712926
136,Pr,35.91267747
136,Nd,35.91497606
136,Pm,35.92359595
136,Sm,35.92827555
136,Eu,35.93962
136,Gd,35.9473
136,Tb,35.96146
137,In,36.961535
137,Sn,36.946162
137,Sb,36.93552252
137,Te,36.92559935
137,I,36.91802818
137,Xe,36.91155777
137,Cs,36.9070893
137,Ba,36.90582721
137,La,36.90645044
137,Ce,36.90776242
137,Pr,36.91067918
137,Nd,36.9145631
137,Pm,36.92047952
137,Sm,36.92700796
137,Eu,36.93543072
137,Gd,36.94502
137,Tb,36.95602
138,Sn,37.951143
138,Sb,37.941331
138,Te,37.92947245
138,I,37.92272639
138,Xe,37.91414627
138,Cs,37.91101712
138,Ba,37.90524706
138,La,37.90712404
138,Ce,37.90599418
138,Pr,37.9107575
138,Nd,37.91195094
138,Pm,37.91957612
138,Sm,37.92324399
138,Eu,37.933709
138,Gd,37.940247
138,Tb,37.953193
138,Dy,37.9625
139,Sn,38.957799
139,Sb,38.946269
139,Te,38.93536719
139,I,38.9264934
139,Xe,38.9187922
139,Cs,38.91336382
139,Ba,38.90884116
139,La,38.90636293
139,Ce,38.90664703
139,Pr,38.9089327
139,Nd,38.91195121
139,Pm,38.91679923
139,Sm,38.92229663
139,Eu,38.92979231
139,Gd,38.93813
139,Tb,38.94833
139,Dy,38.959527
140,Sn,39.962973
140,Sb,39.952345
140,Te,39.93948706
140,I,39.93171591
140,Xe,39.92164581
140,Cs,39.91728371
140,Ba,39.91060823
140,La,39.90948729
140,Ce,39.90544843
140,Pr,39.9090856
140,Nd,39.90954613
140,Pm,39.91603592
140,Sm,39.91899471
140,Eu,39.92808763
140,Gd,39.933674
140,Tb,39.94580505
140,Dy,39.95402
140,Ho,39.968526
141,Sb,40.957552
141,Te,40.945604
141,I,40.93566608
141,Xe,40.92678718
141,Cs,40.92004528
141,Ba,40.91440365
141,La,40.91097116
141,Ce,40.90828599
141,Pr,40.9076596
141,Nd,40.90961669
141,Pm,40.91355508
141,Sm,40.91848155
141,Eu,40.92493173
141,Gd,40.932126
141,Tb,40.941448
141,Dy,40.95128
141,Ho,40.963108
142,Sb,41.963918
142,Te,41.950027
142,I,41.9411666
142,Xe,41.9299731
142,Cs,41.92429951
142,Ba,41.9164329
142,La,41.91409076
142,Ce,41.90925021
142,Pr,41.91005164
142,Nd,41.90772882
142,Pm,41.91289098
142,Sm,41.91520942
142,Eu,41.92344672
142,Gd,41.928116
142,Tb,41.93928086
142,Dy,41.946194
142,Ho,41.96001
142,Er,41.970016
143,Te,42.956489
143,I,42.945475
143,Xe,42.93536955
143,Cs,42.92734735
143,Ba,42.92062515
143,La,42.91607948
143,Ce,42.91239195
143,Pr,42.91082262
143,Nd,42.90981982
143,Pm,42.91093807
143,Sm,42.91463485
143,Eu,42.92029868
143,Gd,42.92675068
143,Tb,42.93513733
143,Dy,42.94399433
143,Ho,42.95486
143,Er,42.966548
144,Te,43.961116
144,I,43.951336
144,Xe,43.93894508
144,Cs,43.9320754
144,Ba,43.92295482
144,La,43.91964559
144,Ce,43.91365276
144,Pr,43.91331068
144,Nd,43.9100928
144,Pm,43.91259621
144,Sm,43.91200629
144,Eu,43.91881948
144,Gd,43.922963
144,Tb,43.933045
144,Dy,43.93926951
144,Ho,43.95210971
144,Er,43.9607
144,Tm,43.976211
145,Te,44.967783
145,I,44.955845
145,Xe,44.94471963
145,Cs,44.93552893
145,Ba,44.9275184
145,La,44.92180807
145,Ce,44.91726511
145,Pr,44.91451799
145,Nd,44.91257915
145,Pm,44.91275575
145,Sm,44.91341716
145,Eu,44.91627266
145,Gd,44.92171005
145,Tb,44.928717
145,Dy,44.93747399
145,Ho,44.94726739
145,Er,44.957874
145,Tm,44.970389
146,I,45.961846
146,Xe,45.94851825
146,Cs,45.94062187
146,Ba,45.9303632
146,La,45.92568802
146,Ce,45.91881229
146,Pr,45.91768763
146,Nd,45.91312246
146,Pm,45.91470224
146,Sm,45.91304684
146,Eu,45.91721085
146,Gd,45.91831851
146,Tb,45.92725274
146,Dy,45.93284453
146,Ho,45.9449935
146,Er,45.95241836
146,Tm,45.966661
147,I,46.966505
147,Xe,46.954482
147,Cs,46.94426151
147,Ba,46.9353039
147,La,46.9284178
147,Ce,46.9226899
147,Pr,46.91900744
147,Nd,46.91610597
147,Pm,46.91514494
147,Sm,46.9149044
147,Eu,46.91675244
147,Gd,46.91910101
147,Tb,46.92405462
147,Dy,46.93108271
147,Ho,46.94014229
147,Er,46.94996446
147,Tm,46.96137989
148,Xe,47.958508
148,Cs,47.94963903
148,Ba,47.938223
148,La,47.9326794
148,Ce,47.92442419
148,Pr,47.92212999
148,Nd,47.91689903
148,Pm,47.91748109
148,Sm,47.91482923
148,Eu,47.91809129
148,Gd,47.91812141
148,Tb,47.92427548
148,Dy,47.92714994
148,Ho,47.93774393
148,Er,47.94473503
148,Tm,47.95838403
148,Yb,47.967547
149,Xe,48.964573
149,Cs,48.953516
149,Ba,48.943284
149,La,48.93535126
149,Ce,48.9284269
149,Pr,48.9237361
149,Nd,48.92015458
149,Pm,48.91834151
149,Sm,48.91719121
149,Eu,48.91793688
149,Gd,48.91934767
149,Tb,48.92325379
149,Dy,48.92732752
149,Ho,48.93382046
149,Er,48.942306
149,Tm,48.952828
149,Yb,48.964219
150,Xe,49.968878
150,Cs,49.959023
150,Ba,49.9464411
150,La,49.9395475
150,Ce,49.93038403
150,Pr,49.92667639
150,Nd,49.92090132
150,Pm,49.92099001
150,Sm,49.91728199
150,Eu,49.91970709
150,Gd,49.91866395
150,Tb,49.9236648
150,Dy,49.92559307
150,Ho,49.93349835
150,Er,49.93791552
150,Tm,49.95009
150,Yb,49.958314
150,Lu,49.973407
151,Cs,50.963199
151,Ba,50.951755
151,La,50.942769
151,Ce,50.9342722
151,Pr,50.92830907
151,Nd,50.92383936
151,Pm,50.92121661
151,Sm,50.91993886
151,Eu,50.91985661
151,Gd,50.92035492
151,Tb,50.92310897
151,Dy,50.92619128
151,Ho,50.93169818
151,Er,50.93744857
151,Tm,50.94549443
151,Yb,50.95540245
151,Lu,50.967471
152,Cs,51.968728
152,Ba,51.95533
152,La,51.947085
152,Ce,51.936682
152,Pr,51.9315529
152,Nd,51.92469124
152,Pm,51.92350519
152,Sm,51.91973865
152,Eu,51.92175098
152,Gd,51.91979841
152,Tb,51.92408186
152,Dy,51.92472527
152,Ho,51.93171762
152,Er,51.93505035
152,Tm,51.944476
152,Yb,51.9503267
152,Lu,51.96412
153,Ba,52.960848
153,La,52.950553
153,Ce,52.941052
153,Pr,52.93390351
153,Nd,52.92771787
153,Pm,52.92415625
153,Sm,52.92210358
153,Eu,52.92123679
153,Gd,52.92175695
153,Tb,52.92344169
153,Dy,52.92577173
153,Ho,52.93020667
153,Er,52.93508635
153,Tm,52.94205802
153,Yb,52.949372
153,Lu,52.95880225
153,Hf,52.970692
154,Ba,53.964659
154,La,53.955416
154,Ce,53.94394
154,Pr,53.93788517
154,Nd,53.9295974
154,Pm,53.92671279
154,Sm,53.92221576
154,Eu,53.9229857
154,Gd,53.92087297
154,Tb,53.92468368
154,Dy,53.92442892
154,Ho,53.93060678
154,Er,53.9327908
154,Tm,53.94157006
154,Yb,53.9463957
154,Lu,53.957416
154,Hf,53.964863
155,La,54.95928
155,Ce,54.948706
155,Pr,54.94050919
155,Nd,54.9331356
155,Pm,54.92813695
155,Sm,54.92464665
155,Eu,54.92289985
155,Gd,54.92262936
155,Tb,54.92350951
155,Dy,54.92575805
155,Ho,54.92910336
155,Er,54.93321571
155,Tm,54.93920958
155,Yb,54.94578322
155,Lu,54.95432601
155,Hf,54.963167
155,Ta,54.974248
156,La,55.964519
156,Ce,55.951884
156,Pr,55.9447669
156,Nd,55.93537036
156,Pm,55.93111406
156,Sm,55.92553819
156,Eu,55.92476298
156,Gd,55.92213012
156,Tb,55.92475421
156,Dy,55.92428359
156,Ho,55.92964163
156,Er,55.93106593
156,Tm,55.93898575
156,Yb,55.9428171
156,Lu,55.95308661
156,Hf,55.95939908
156,Ta,55.972087
157,La,56.968792
157,Ce,56.957133
157,Pr,56.9480031
157,Nd,56.93935107
157,Pm,56.9331213
157,Sm,56.9284186
157,Eu,56.92543256
157,Gd,56.92396742
157,Tb,56.92403189
157,Dy,56.92546956
157,Ho,56.92825197
157,Er,56.93192265
157,Tm,56.936973
157,Yb,56.94265137
157,Lu,56.95014481
157,Hf,56.958288
157,Ta,56.96822745
157,W,56.978862
158,Ce,57.960773
158,Pr,57.952603
158,Nd,57.94220562
158,Pm,57.93654695
158,Sm,57.92994926
158,Eu,57.92778219
158,Gd,57.9241112
158,Tb,57.92541994
158,Dy,57.92441482
158,Ho,57.92894491
158,Er,57.92989347
158,Tm,57.93697953
158,Yb,57.9398712
158,Lu,57.94931562
158,Hf,57.95480122
158,Ta,57.966593
158,W,57.974565
159,Ce,58.966355
159,Pr,58.956232
159,Nd,58.94661909
159,Pm,58.93928641
159,Sm,58.93321713
159,Eu,58.92909951
159,Gd,58.92639582
159,Tb,58.92535371
159,Dy,58.92574594
159,Ho,58.92771868
159,Er,58.93069079
159,Tm,58.934975
159,Yb,58.94006026
159,Lu,58.94663562
159,Hf,58.95399584
159,Ta,58.96302805
159,W,58.972696
159,Re,58.984106
160,Pr,59.961138
160,Nd,59.94983917
160,Pm,59.94321527
160,Sm,59.93533703
160,Eu,59.93183698
160,Gd,59.9270612
160,Tb,59.92717455
160,Dy,59.92520358
160,Ho,59.92873554
160,Er,59.92907719
160,Tm,59.93526418
160,Yb,59.93755921
160,Lu,59.946033
160,Hf,59.95068273
160,Ta,59.96154168
160,W,59.96851395
160,Re,59.98188
161,Pr,60.965121
161,Nd,60.954664
161,Pm,60.94622984
161,Sm,60.93916006
161,Eu,60.93366399
161,Gd,60.92967627
161,Tb,60.92757681
161,Dy,60.92693943
161,Ho,60.92786182
161,Er,60.93000353
161,Tm,60.933549
161,Yb,60.93791238
161,Lu,60.943572
161,Hf,60.95027793
161,Ta,60.95836949
161,W,60.967249
161,Re,60.97762431
161,Os,60.989054
162,Nd,61.958121
162,Pm,61.950574
162,Sm,61.94162169
162,Eu,61.93695833
162,Gd,61.93099181
162,Tb,61.9292754
162,Dy,61.92680451
162,Ho,61.92910254
162,Er,61.9287873
162,Tm,61.93400121
162,Yb,61.93577934
162,Lu,61.94328278
162,Hf,61.94721553
162,Ta,61.95729291
162,W,61.96350034
162,Re,61.975896
162,Os,61.984434
163,Nd,62.963414
163,Pm,62.953881
163,Sm,62.94567909
163,Eu,62.93926551
163,Gd,62.93409664
163,Tb,62.93065361
163,Dy,62.92873722
163,Ho,62.92874026
163,Er,62.93003991
163,Tm,62.93265828
163,Yb,62.93634541
163,Lu,62.941179
163,Hf,62.94710721
163,Ta,62.95433719
163,W,62.96252425
163,Re,62.97208543
163,Os,62.982462
163,Ir,62.994299
164,Pm,63.958819
164,Sm,63.94855006
164,Eu,63.94285294
164,Gd,63.93591619
164,Tb,63.93332756
164,Dy,63.92918082
164,Ho,63.93024055
164,Er,63.92920774
164,Tm,63.93353802
164,Yb,63.93450074
164,Lu,63.941339
164,Hf,63.94437071
164,Ta,63.953534
164,W,63.95895245
164,Re,63.97050712
164,Os,63.97807316
164,Ir,63.991966
165,Pm,64.96278
165,Sm,64.95329
165,Eu,64.94554007
165,Gd,64.93931708
165,Tb,64.9349552
165,Dy,64.9317094
165,Ho,64.93032912
165,Er,64.93073348
165,Tm,64.93244184
165,Yb,64.93527024
165,Lu,64.93940676
165,Hf,64.944567
165,Ta,64.95078029
165,W,64.95828066
165,Re,64.96708583
165,Os,64.976654
165,Ir,64.987552
165,Pt,64.999658
166,Sm,65.956575
166,Eu,65.949813
166,Gd,65.94163041
166,Tb,65.93793973
166,Dy,65.93281281
166,Ho,65.93229121
166,Er,65.93030107
166,Tm,65.93356214
166,Yb,65.93387644
166,Lu,65.939859
166,Hf,65.94218
166,Ta,65.950512
166,W,65.95503195
166,Re,65.96582122
166,Os,65.97269814
166,Ir,65.985716
166,Pt,65.994866
167,Sm,66.962072
167,Eu,66.953011
167,Gd,66.94549001
167,Tb,66.94000705
167,Dy,66.93568242
167,Ho,66.93314025
167,Er,66.93205619
167,Tm,66.93285721
167,Yb,66.93495407
167,Lu,66.938243
167,Hf,66.9426
167,Ta,66.948093
167,W,66.95481108
167,Re,66.962604
167,Os,66.9715523
167,Ir,66.98167197
167,Pt,66.99275
168,Sm,67.966033
168,Eu,67.957863
168,Gd,67.948309
168,Tb,67.94333707
168,Dy,67.93713498
168,Ho,67.93552377
168,Er,67.93237828
168,Tm,67.93417846
168,Yb,67.9338913
168,Lu,67.9387298
168,Hf,67.940568
168,Ta,67.948047
168,W,67.95180546
168,Re,67.96157261
168,Os,67.96779905
168,Ir,67.97996098
168,Pt,67.9881802
168,Au,68.002716
169,Eu,68.961717
169,Gd,68.952882
169,Tb,68.945807
169,Dy,68.94031523
169,Ho,68.93687989
169,Er,68.93459844
169,Tm,68.93421896
169,Yb,68.93518421
169,Lu,68.93764585
169,Hf,68.941259
169,Ta,68.946011
169,W,68.95177869
169,Re,68.95876598
169,Os,68.96701752
169,Ir,68.97628174
169,Pt,68.986619
169,Au,68.99808
170,Eu,69.96687
170,Gd,69.956146
170,Tb,69.949855
170,Dy,69.94234
170,Ho,69.93962655
170,Er,69.93547193
170,Tm,69.93580709
170,Yb,69.93476724
170,Lu,69.93847923
170,Hf,69.939609
170,Ta,69.946175
170,W,69.94923124
170,Re,69.95823484
170,Os,69.96357927
170,Ir,69.975113
170,Pt,69.98250209
170,Au,69.996024
170,Hg,70.005814
171,Gd,70.961127
171,Tb,70.953011
171,Dy,70.946312
171,Ho,70.94147271
171,Er,70.93803737
171,Tm,70.93643516
171,Yb,70.93633152
171,Lu,70.93791859
171,Hf,70.940492
171,Ta,70.944476
171,W,70.949451
171,Re,70.955716
171,Os,70.9631804
171,Ir,70.97164552
171,Pt,70.98124887
171,Au,70.99188153
171,Hg,71.003585
172,Gd,71.964605
172,Tb,71.957391
172,Dy,71.948728
172,Ho,71.94473
172,Er,71.93936346
172,Tm,71.93840696
172,Yb,71.93638665
172,Lu,71.93909132
172,Hf,71.93944972
172,Ta,71.944895
172,W,71.947292
172,Re,71.95537617
172,Os,71.96001731
172,Ir,71.97060704
172,Pt,71.97734106
172,Au,71.9899967
172,Hg,71.99886058
173,Tb,72.960805
173,Dy,72.953043
173,Ho,72.94702
173,Er,72.9424
173,Tm,72.93960663
173,Yb,72.93821621
173,Lu,72.93893572
173,Hf,72.940513
173,Ta,72.94375
173,W,72.947689
173,Re,72.953243
173,Os,72.95980839
173,Ir,72.96750548
173,Pt,72.97644992
173,Au,72.98622426
173,Hg,72.997143
174,Tb,73.965679
174,Dy,73.955845
174,Ho,73.950757
174,Er,73.94423
174,Tm,73.94217406
174,Yb,73.93886755
174,Lu,73.94034284
174,Hf,73.94004838
174,Ta,73.944454
174,W,73.946079
174,Re,73.953115
174,Os,73.95706319
174,Ir,73.96694994
174,Pt,73.97282043
174,Au,73.984908
174,Hg,73.99287058
175,Dy,74.960569
175,Ho,74.953516
175,Er,74.94777
175,Tm,74.94384231
175,Yb,74.94128191
175,Lu,74.94077721
175,Hf,74.94151142
175,Ta,74.943737
175,W,74.946717
175,Re,74.951381
175,Os,74.95694513
175,Ir,74.96414952
175,Pt,74.97240059
175,Au,74.98131638
175,Hg,74.99144445
176,Dy,75.963918
176,Ho,75.957713
176,Er,75.94994
176,Tm,75.94699771
176,Yb,75.94257471
176,Lu,75.94269171
176,Hf,75.9414098
176,Ta,75.944857
176,W,75.945634
176,Re,75.951623
176,Os,75.95477032
176,Ir,75.96362626
176,Pt,75.96893816
176,Au,75.98011693
176,Hg,75.98734867
176,Tl,76.00062773
177,Ho,76.961052
177,Er,76.95399
177,Tm,76.948932
177,Yb,76.94526385
177,Lu,76.94376357
177,Hf,76.94323019
177,Ta,76.94448194
177,W,76.946643
177,Re,76.950328
177,Os,76.9549579
177,Ir,76.9613015
177,Pt,76.96846954
177,Au,76.9768697
177,Hg,76.98628459
177,Tl,76.99641425
178,Ho,77.965507
178,Er,77.956779
178,Tm,77.952506
178,Yb,77.9466694
178,Lu,77.94596007
178,Hf,77.94370832
178,Ta,77.94568
178,W,77.94588579
178,Re,77.950989
178,Os,77.95325333
178,Ir,77.9610794
178,Pt,77.96564929
178,Au,77.97605671
178,Hg,77.98248476
178,Tl,77.995047
178,Pb,78.00383617
179,Er,78.961267
179,Tm,78.955018
179,Yb,78.94993
179,Lu,78.94733299
179,Hf,78.94582571
179,Ta,78.94593905
179,W,78.94707938
179,Re,78.94998969
179,Os,78.95381599
179,Ir,78.95911759
179,Pt,78.96535874
179,Au,78.97317367
179,Hg,78.98182176
179,Tl,78.99112219
179,Pb,79.00220249
180,Er,79.96438
180,Tm,79.959023
180,Yb,79.951991
180,Lu,79.94989074
180,Hf,79.94655954
180,Ta,79.94746759
180,W,79.9467133
180,Re,79.95079157
180,Os,79.95238167
180,Ir,79.95922945
180,Pt,79.96303801
180,Au,79.97248974
180,Hg,79.97826018
180,Tl,79.98991895
180,Pb,79.99791618
181,Tm,80.961954
181,Yb,80.95589
181,Lu,80.951908
181,Hf,80.94911083
181,Ta,80.94799853
181,W,80.94821873
181,Re,80.95006151
181,Os,80.95324719
181,Ir,80.95763469
181,Pt,80.96308995
181,Au,80.9700791
181,Hg,80.97781937
181,Tl,80.98625998
181,Pb,80.9966606
182,Tm,81.966194
182,Yb,81.958239
182,Lu,81.955158
182,Hf,81.95056368
182,Ta,81.95015461
182,W,81.94820564
182,Re,81.95121156
182,Os,81.95211015
182,Ir,81.9580763
182,Pt,81.96117161
182,Au,81.96961443
182,Hg,81.97468917
182,Tl,81.98569265
182,Pb,81.99267354
183,Yb,82.962426
183,Lu,82.957363
183,Hf,82.9535332
183,Ta,82.95137538
183,W,82.95022442
183,Re,82.95082131
183,Os,82.95312503
183,Ir,82.95684123
183,Pt,82.9615959
183,Au,82.96758811
183,Hg,82.97444465
183,Tl,82.98219284
183,Pb,82.99186253
184,Yb,83.965002
184,Lu,83.96103
184,Hf,83.95544851
184,Ta,83.95400996
184,W,83.95093318
184,Re,83.95252807
184,Os,83.95249292
184,Ir,83.957476
184,Pt,83.95992193
184,Au,83.96745152
184,Hg,83.97171771
184,Tl,83.98187497
184,Pb,83.98813563
184,Bi,84.001347
185,Yb,84.969425
185,Lu,84.963542
185,Hf,84.958862
185,Ta,84.95556132
185,W,84.95342121
185,Re,84.95295832
185,Os,84.95404597
185,Ir,84.956698
185,Pt,84.96061366
185,Au,84.96579887
185,Hg,84.9718907
185,Tl,84.97878919
185,Pb,84.98761
185,Bi,84.9976
186,Lu,85.96745
186,Hf,85.960897
186,Ta,85.95855304
186,W,85.95436514
186,Re,85.95498917
186,Os,85.95383757
186,Ir,85.95794675
186,Pt,85.95935085
186,Au,85.9659527
186,Hg,85.96936206
186,Tl,85.97865479
186,Pb,85.98423941
186,Bi,85.99662317
186,Po,86.00440317
187,Lu,86.970188
187,Hf,86.964573
187,Ta,86.960391
187,W,86.95716125
187,Re,86.95575222
187,Os,86.95574957
187,Ir,86.957542
187,Pt,86.96061665
187,Au,86.96454215
187,Hg,86.96981354
187,Tl,86.97590474
187,Pb,86.98391084
187,Bi,86.99314727
187,Po,87.00303148
188,Lu,87.974428
188,Hf,87.966903
188,Ta,87.963596
188,W,87.95848833
188,Re,87.95811366
188,Os,87.95583729
188,Ir,87.958835
188,Pt,87.95939752
188,Au,87.96524797
188,Hg,87.96758074
188,Tl,87.97602089
188,Pb,87.98087908
188,Bi,87.99227606
188,Po,87.99941559
189,Hf,88.970853
189,Ta,88.96569
189,W,88.961557
189,Re,88.95922776
189,Os,88.95814595
189,Ir,88.9587226
189,Pt,88.96084849
189,Au,88.96394829
189,Hg,88.96819478
189,Tl,88.97357353
189,Pb,88.98084366
189,Bi,88.98919514
189,Po,88.99847343
190,Hf,89.973376
190,Ta,89.969168
190,W,89.96310354
190,Re,89.96180006
190,Os,89.95844544
190,Ir,89.96054337
190,Pt,89.95994982
190,Au,89.96475175
190,Hg,89.96632225
190,Tl,89.97384177
190,Pb,89.97808187
190,Bi,89.98862483
190,Po,89.99510173
191,Ta,90.97153
191,W,90.966531
191,Re,90.96312332
191,Os,90.96092811
191,Ir,90.96059146
191,Pt,90.96167626
191,Au,90.96371645
191,Hg,90.9671583
191,Tl,90.97178409
191,Pb,90.97821646
191,Bi,90.98578697
191,Po,90.99455849
191,At,91.00414808
192,Ta,91.975201
192,W,91.968202
192,Re,91.966088
192,Os,91.96147877
192,Ir,91.96260241
192,Pt,91.96104267
192,Au,91.96481762
192,Hg,91.96563426
192,Tl,91.972225
192,Pb,91.9757896
192,Bi,91.98547008
192,Po,91.99134027
192,At,92.00314091
193,Ta,92.97766
193,W,92.971884
193,Re,92.967545
193,Os,92.96414964
193,Ir,92.96292375
193,Pt,92.96298455
193,Au,92.96413844
193,Hg,92.9666534
193,Tl,92.97050199
193,Pb,92.97613591
193,Bi,92.98294722
193,Po,92.99106242
193,At,92.99992773
193,Rn,93.00970797
194,Ta,93.98161
194,W,93.973795
194,Re,93.970735
194,Os,93.96517941
194,Ir,93.9650757
194,Pt,93.9626835
194,Au,93.96541905
194,Hg,93.96544911
194,Tl,93.97108141
194,Pb,93.97401179
194,Bi,93.98279858
194,Po,93.98818606
194,At,93.99923082
194,Rn,94.00614564
195,W,94.977735
195,Re,94.97256
195,Os,94.968318
195,Ir,94.9659769
195,Pt,94.96479433
195,Au,94.96503782
195,Hg,94.96670581
195,Tl,94.96977405
195,Pb,94.97451617
195,Bi,94.98064876
195,Po,94.98806578
195,At,94.99627448
195,Rn,95.0054217
196,W,95.979882
196,Re,95.975996
196,Os,95.96964326
196,Ir,95.96839967
196,Pt,95.96495465
196,Au,95.96657121
196,Hg,95.96583345
196,Tl,95.97048119
196,Pb,95.97278755
196,Bi,95.98066651
196,Po,95.98554072
196,At,95.99579903
196,Rn,96.00212043
197,W,96.984036
197,Re,96.978153
197,Os,96.973076
197,Ir,96.96965722
197,Pt,96.96734303
197,Au,96.9665701
197,Hg,96.96721372
197,Tl,96.96956049
197,Pb,96.97343474
197,Bi,96.97886493
197,Po,96.98562194
197,At,96.99317735
197,Rn,97.00162145
197,Fr,97.01100809
198,Re,97.98176
198,Os,97.974664
198,Ir,97.972399
198,Pt,97.96789672
198,Au,97.96824371
198,Hg,97.96676918
198,Tl,97.97044667
198,Pb,97.97201545
198,Bi,97.97920132
198,Po,97.98338875
198,At,97.99279786
198,Rn,97.9986792
198,Fr,98.01028208
199,Re,98.984187
199,Os,98.978239
199,Ir,98.9738071
199,Pt,98.97059702
199,Au,98.96876657
199,Hg,98.96828099
199,Tl,98.969877
199,Pb,98.97291262
199,Bi,98.97767284
199,Po,98.98364045
199,At,98.99052772
199,Rn,98.99832544
199,Fr,99.00726938
200,Os,99.980086
200,Ir,99.976844
200,Pt,99.97144461
200,Au,99.97075656
200,Hg,99.96832694
200,Tl,99.97096361
200,Pb,99.97181855
200,Bi,99.97813129
200,Po,99.98181236
200,At,99.9903511
200,Rn,99.99570534
200,Fr,0.006584666
201,Os,0.984069
201,Ir,0.978701
201,Pt,0.974513305
201,Au,0.971657678
201,Hg,0.970303054
201,Tl,0.970820235
201,Pb,0.972870431
201,Bi,0.976995017
201,Po,0.982263799
201,At,0.988417058
201,Rn,0.995590511
201,Fr,1.003852491
201,Ra,1.012814699
202,Os,1.986548
202,Ir,1.982136
202,Pt,1.975639
202,Au,1.973856
202,Hg,1.970643604
202,Tl,1.972108874
202,Pb,1.972151613
202,Bi,1.977723042
202,Po,1.980738934
202,At,1.988625686
202,Rn,1.993263982
202,Fr,2.003329637
202,Ra,2.009742305
203,Os,2.992195
203,Ir,2.984573
203,Pt,2.979055
203,Au,2.975154492
203,Hg,2.972872396
203,Tl,2.972344098
203,Pb,2.973390617
203,Bi,2.976892077
203,Po,2.981416072
203,At,2.986942904
203,Rn,2.993361155
203,Fr,3.000940867
203,Ra,3.009233907
204,Ir,3.989726
204,Pt,3.981084
204,Au,3.97811
204,Hg,3.973494037
204,Tl,3.97386342
204,Pb,3.973043506
204,Bi,3.977835687
204,Po,3.980310078
204,At,3.987251393
204,Rn,3.991443729
204,Fr,4.000651972
204,Ra,4.006506855
205,Ir,4.993988
205,Pt,4.986237
205,Au,4.980064
205,Hg,4.976073151
205,Tl,4.974427318
205,Pb,4.974481682
205,Bi,4.977385182
205,Po,4.981190006
205,At,4.986060546
205,Rn,4.991723228
205,Fr,4.998593854
205,Ra,5.006230692
205,Ac,5.015144152
206,Pt,5.99008
206,Au,5.984766
206,Hg,5.977513837
206,Tl,5.976110108
206,Pb,5.97446521
206,Bi,5.978498843
206,Po,5.980473662
206,At,5.986645768
206,Rn,5.990195409
206,Fr,5.998661441
206,Ra,6.003827842
206,Ac,6.014476477
207,Pt,6.995556
207,Au,6.988577
207,Hg,6.9823
207,Tl,6.977418605
207,Pb,6.975896821
207,Bi,6.978470551
207,Po,6.981593334
207,At,6.985799715
207,Rn,6.990730224
207,Fr,6.99694145
207,Ra,7.00377242
207,Ac,7.011965967
208,Pt,7.999463
208,Au,7.993655
208,Hg,7.985759
208,Tl,7.982018006
208,Pb,7.976652005
208,Bi,7.97974206
208,Po,7.981246035
208,At,7.986613011
208,Rn,7.989634513
208,Fr,7.997139082
208,Ra,8.001855012
208,Ac,8.011552251
208,Th,8.017915348
209,Au,8.997606
209,Hg,8.990757
209,Tl,8.985351713
209,Pb,8.981089978
209,Bi,8.980398599
209,Po,8.982430361
209,At,8.986168701
209,Rn,8.990401389
209,Fr,8.995939701
209,Ra,9.001994902
209,Ac,9.009495375
209,Th,9.017601
210,Au,10.002877
210,Hg,9.99431
210,Tl,9.990072942
210,Pb,9.984188381
210,Bi,9.984120237
210,Po,9.982873686
210,At,9.987147423
210,Rn,9.989688862
210,Fr,9.996410596
210,Ra,10.00047541
210,Ac,10.00940863
210,Th,10.01509352
211,Hg,10.999581
211,Tl,10.993475
211,Pb,10.98873529
211,Bi,10.98726872
211,Po,10.98665317
211,At,10.98749623
211,Rn,10.99060077
211,Fr,10.99555519
211,Ra,11.00089305
211,Ac,11.00766885
211,Th,11.01489692
211,Pa,11.02367404
212,Hg,12.003242
212,Tl,11.998335
212,Pb,11.99189589
212,Bi,11.99128503
212,Po,11.98886798
212,At,11.9907373
212,Rn,11.99070395
212,Fr,11.99622542
212,Ra,11.99978662
212,Ac,12.00783644
212,Th,12.01300157
212,Pa,12.02318482
213,Hg,13.008803
213,Tl,13.001915
213,Pb,12.9965608
213,Bi,12.99438357
213,Po,12.99285715
213,At,12.99293659
213,Rn,12.99388515
213,Fr,12.99618441
213,Ra,13.00037097
213,Ac,13.00659267
213,Th,13.01301147
213,Pa,13.02109964
214,Hg,14.012636
214,Tl,14.00694
214,Pb,13.99980352
214,Bi,13.99871091
214,Po,13.99520129
214,At,13.99637233
214,Rn,13.99536265
214,Fr,13.99897119
214,Ra,14.00009956
214,Ac,14.0069064
214,Th,14.01148148
214,Pa,14.02089106
215,Hg,15.018368
215,Tl,15.010768
215,Pb,15.00466159
215,Bi,15.0017491
215,Po,14.99941839
215,At,14.998651
215,Rn,14.99874504
215,Fr,15.00034153
215,Ra,15.00271821
215,Ac,15.00647406
215,Th,15.01172464
215,Pa,15.01911396
215,U,15.02671977
216,Hg,16.022459
216,Tl,16.015964
216,Pb,16.008062
216,Bi,16.00630599
216,Po,16.00191342
216,At,16.00242264
216,Rn,16.00027194
216,Fr,16.00318952
216,Ra,16.00353353
216,Ac,16.0087491
216,Th,16.01105593
216,Pa,16.01913463
216,U,16.02476283
217,Tl,17.020032
217,Pb,17.013162
217,Bi,17.009372
217,Po,17.00631615
217,At,17.00471779
217,Rn,17.00392763
217,Fr,17.00463198
217,Ra,17.00632268
217,Ac,17.00934233
217,Th,17.01310344
217,Pa,17.01830902
217,U,17.02466
218,Tl,18.025454
218,Pb,18.016779
218,Bi,18.014188
218,Po,18.00897123
218,At,18.00869594
218,Rn,18.00560112
218,Fr,18.00757862
218,Ra,18.0071343
218,Ac,18.01164886
218,Th,18.01327625
218,Pa,18.02002113
218,U,18.02350488
219,Pb,19.022136
219,Bi,19.01752
219,Po,19.013614
219,At,19.01116059
219,Rn,19.00947868
219,Fr,19.00925066
219,Ra,19.01008472
219,Ac,19.01242043
219,Th,19.01552643
219,Pa,19.01994991
219,U,19.02500923
219,Np,19.03160187
220,Pb,20.025905
220,Bi,20.022501
220,Po,20.016386
220,At,20.015433
220,Rn,20.01139244
220,Fr,20.01232679
220,Ra,20.01102754
220,Ac,20.01475453
220,Th,20.01576987
220,Pa,20.02176975
220,U,20.024706
220,Np,20.03271628
221,Bi,21.02598
221,Po,21.021228
221,At,21.018017
221,Rn,21.01553564
221,Fr,21.01425371
221,Ra,21.01391729
221,Ac,21.01559972
221,Th,21.01818576
221,Pa,21.02187339
221,U,21.0263233
221,Np,21.03211
221,Pu,21.038572
222,Bi,22.031079
222,Po,22.02414
222,At,22.022494
222,Rn,22.01757602
222,Fr,22.01758262
222,Ra,22.01537337
222,Ac,22.01784423
222,Th,22.01846822
222,Pa,22.02368706
222,U,22.02605796
222,Np,22.03357471
222,Pu,22.037638
223,Bi,23.034611
223,Po,23.02907
223,At,23.025151
223,Rn,23.02188928
223,Fr,23.01973424
223,Ra,23.01850065
223,Ac,23.01913598
223,Th,23.02081108
223,Pa,23.02398041
223,U,23.02796075
223,Np,23.03291334
223,Pu,23.038777
223,Am,23.04584
224,Bi,24.039796
224,Po,24.03211
224,At,24.029749
224,Rn,24.0240958
224,Fr,24.0233481
224,Ra,24.02021036
224,Ac,24.02172225
224,Th,24.02146614
224,Pa,24.02561729
224,U,24.02763591
224,Np,24.03438803
224,Pu,24.037875
224,Am,24.046442
225,Po,25.037123
225,At,25.032528
225,Rn,25.02848557
225,Fr,25.02557247
225,Ra,25.0236105
225,Ac,25.0232286
225,Th,25.02395098
225,Pa,25.02614793
225,U,25.02938505
225,Np,25.03394342
225,Pu,25.03897
225,Am,25.045508
226,Po,26.04031
226,At,26.037209
226,Rn,26.03086138
226,Fr,26.02954451
226,Ra,26.02540819
226,Ac,226.026097
226,Th,26.0249037
226,Pa,26.02794822
226,U,26.02933867
226,Np,26.03523036
226,Pu,26.03825
226,Am,26.04613
227,Po,27.04539
227,At,27.040183
227,Rn,27.03530439
227,Fr,27.03186541
227,Ra,27.02917621
227,Ac,27.02775059
227,Th,27.02770255
227,Pa,27.02880359
227,U,27.03118112
227,Np,27.03497501
227,Pu,27.039474
227,Am,27.045282
228,At,28.04496
228,Rn,28.03783542
228,Fr,28.03583943
228,Ra,28.03106857
228,Ac,28.03101969
228,Th,28.02873974
228,Pa,28.03105076
228,U,28.03136896
228,Np,28.036313
228,Pu,28.03876333
228,Am,28.046001
229,At,29.048191
229,Rn,29.04225727
229,Fr,29.03829144
229,Ra,29.0349567
229,Ac,29.032947
229,Th,29.03176136
229,Pa,29.03209559
229,U,29.03350598
229,Np,29.03628727
229,Pu,29.0401451
229,Am,29.04528253
230,Rn,30.045271
230,Fr,30.04239079
230,Ra,30.03705478
230,Ac,30.036327
230,Th,30.03313227
230,Pa,30.03453972
230,U,30.03394011
230,Np,30.03782806
230,Pu,30.03964831
230,Am,30.046025
231,Rn,31.049973
231,Fr,31.04517535
231,Ra,31.04102709
231,Ac,31.038393
231,Th,31.03630276
231,Pa,31.0358825
231,U,31.03629218
231,Np,31.0382436
231,Pu,31.04112595
231,Am,31.045529
231,Cm,31.050746
232,Fr,32.04946122
232,Ra,32.04347527
232,Ac,32.042034
232,Th,32.03805361
232,Pa,32.03859021
232,U,32.03715477
232,Np,32.040107
232,Pu,32.04118213
232,Am,32.046613
232,Cm,32.04974
233,Fr,33.05251783
233,Ra,33.04759457
233,Ac,33.044346
233,Th,33.04158013
233,Pa,33.04024654
233,U,33.03963429
233,Np,33.04073942
233,Pu,33.04299741
233,Am,33.046468
233,Cm,33.05077149
233,Bk,33.056652
234,Ra,34.0503821
234,Ac,34.048139
234,Th,34.0435998
234,Pa,34.04330556
234,U,34.0409503
234,Np,34.04289325
234,Pu,34.04331749
234,Am,34.047731
234,Cm,34.05015857
234,Bk,34.057322
235,Ra,35.05489
235,Ac,35.05084
235,Th,35.047255
235,Pa,35.045399
235,U,35.04392812
235,Np,35.04406152
235,Pu,35.04528461
235,Am,35.04790648
235,Cm,35.051545
235,Bk,35.056651
236,Ac,36.054988
236,Th,36.049657
236,Pa,36.048668
236,U,36.04556613
236,Np,36.0465683
236,Pu,36.04605666
236,Am,36.049427
236,Cm,36.05137211
236,Bk,36.057479
237,Ac,37.057993
237,Th,37.053629
237,Pa,37.051023
237,U,37.04872831
237,Np,37.04817164
237,Pu,37.04840789
237,Am,37.049995
237,Cm,37.05286899
237,Bk,37.057123
237,Cf,37.06219927
238,Th,38.056388
238,Pa,38.054637
238,U,38.05078694
238,Np,38.0509446
238,Pu,38.04955818
238,Am,38.05198253
238,Cm,38.05308161
238,Bk,38.058204
238,Cf,38.06149
239,Th,39.060655
239,Pa,39.05726
239,U,39.05429199
239,Np,39.05293754
239,Pu,39.0521616
239,Am,39.05302273
239,Cm,39.05490852
239,Bk,39.058239
239,Cf,39.062482
239,Es,39.06831
240,Pa,40.061203
240,U,40.05659241
240,Np,40.05616378
240,Pu,40.05381174
240,Am,40.05529837
240,Cm,40.05552823
240,Bk,40.059758
240,Cf,40.06225345
240,Es,40.068949
241,Pa,41.064134
241,U,41.06033
241,Np,41.05830967
241,Pu,41.05684965
241,Am,41.05682734
241,Cm,41.05765122
241,Bk,41.060098
241,Cf,41.06369
241,Es,41.068592
241,Fm,41.074311
242,U,42.062931
242,Np,42.06163955
242,Pu,42.05874098
242,Am,42.05954736
242,Cm,42.05883419
242,Bk,42.061999
242,Cf,42.06375454
242,Es,42.069567
242,Fm,42.07343
243,U,43.067075
243,Np,43.064204
243,Pu,43.06200207
243,Am,43.06137989
243,Cm,43.06138733
243,Bk,43.06300591
243,Cf,43.065475
243,Es,43.069508
243,Fm,43.074414
244,Np,44.067891
244,Pu,44.0642044
244,Am,44.06428289
244,Cm,44.06275062
244,Bk,44.06517897
244,Cf,44.06599945
244,Es,44.070881
244,Fm,44.074036
244,Md,44.081157
245,Np,45.070693
245,Pu,45.06782455
245,Am,45.06645283
245,Cm,45.06549105
245,Bk,45.06635981
245,Cf,45.06804676
245,Es,45.071192
245,Fm,45.075354
245,Md,45.080864
246,Pu,46.07020417
246,Am,46.069774
246,Cm,46.06722202
246,Bk,46.0686713
246,Cf,46.06880369
246,Es,46.07280647
246,Fm,46.07535333
246,Md,46.081713
247,Pu,47.0743
247,Am,47.072092
247,Cm,47.07035268
247,Bk,47.07030589
247,Cf,47.07097135
247,Es,47.07362193
247,Fm,47.076944
247,Md,47.08152
248,Am,48.075752
248,Cm,48.07234909
248,Bk,48.07314169
248,Cf,48.07218291
248,Es,48.075469
248,Fm,48.07718545
248,Md,48.082607
248,No,48.086623
249,Am,49.07848
249,Cm,49.07595399
249,Bk,49.07498312
249,Cf,49.07485043
249,Es,49.076409
249,Fm,49.07892604
249,Md,49.08285716
249,No,49.087802
250,Cm,50.07835754
250,Bk,50.0783172
250,Cf,50.07640449
250,Es,50.078611
250,Fm,50.07951977
250,Md,50.08416493
250,No,50.087565
251,Cm,51.08228499
251,Bk,51.08076056
251,Cf,51.07958717
251,Es,51.07999143
251,Fm,51.08154513
251,Md,51.08477429
251,No,51.088942
251,Lr,51.094289
252,Cm,52.08487
252,Bk,52.08431
252,Cf,52.08162651
252,Es,52.08297917
252,Fm,52.08246602
252,Md,52.086385
252,No,52.08896607
252,Lr,52.095048
253,Bk,53.08688
253,Cf,53.08513372
253,Es,53.08482124
253,Fm,53.08518095
253,Md,53.087143
253,No,53.09056278
253,Lr,53.09503385
253,Rf,53.100528
254,Bk,54.0906
254,Cf,54.08732358
254,Es,54.08802434
254,Fm,54.08685242
254,Md,54.08959
254,No,54.09095421
254,Lr,54.09623881
254,Rf,54.100055
255,Cf,55.091046
255,Es,55.0902735
255,Fm,55.0899635
255,Md,55.0910817
255,No,55.09319644
255,Lr,55.0965624
255,Rf,55.101267
255,Db,55.106919
256,Cf,56.093442
256,Es,56.093597
256,Fm,56.0917717
256,Md,56.093888
256,No,56.09428191
256,Lr,56.09849402
256,Rf,56.10115146
256,Db,56.107674
257,Es,57.095979
257,Fm,57.09510542
257,Md,57.09553734
257,No,57.0968842
257,Lr,57.09948
257,Rf,57.1029168
257,Db,57.10752004
258,Es,58.09952
258,Fm,58.097077
258,Md,58.09843363
258,No,58.098205
258,Lr,58.101753
258,Rf,58.1034299
258,Db,58.108973
258,Sg,58.11304
259,Fm,59.100596
259,Md,59.100445
259,No,59.10099836
259,Lr,59.1029
259,Rf,59.105601
259,Db,59.10949186
259,Sg,59.114353
260,Fm,60.102809
260,Md,60.10365
260,No,60.102641
260,Lr,60.105504
260,Rf,60.10644
260,Db,60.111297
260,Sg,60.11438344
260,Bh,60.121443
261,Md,61.105828
261,No,61.105696
261,Lr,61.106879
261,Rf,61.10876959
261,Db,61.111979
261,Sg,61.11594814
261,Bh,61.12139573
262,Md,62.109144
262,No,62.107463
262,Lr,62.109615
262,Rf,62.109923
262,Db,62.114067
262,Sg,62.11633898
262,Bh,62.12265469
263,No,63.110714
263,Lr,63.111293
263,Rf,63.112461
263,Db,63.114987
263,Sg,63.118299
263,Bh,63.122916
263,Hs,63.128479
264,No,64.112734
264,Lr,64.114198
264,Rf,64.113876
264,Db,64.117297
264,Sg,64.11893
264,Bh,64.124486
264,Hs,64.12835633
265,Lr,65.116193
265,Rf,65.116683
265,Db,65.1185
265,Sg,65.121089
265,Bh,65.124955
265,Hs,65.12979174
265,Mt,65.135937
266,Lr,66.119874
266,Rf,66.118236
266,Db,66.121032
266,Sg,66.121973
266,Bh,66.12679
266,Hs,66.13004878
266,Mt,66.13706225
267,Rf,67.121787
267,Db,67.122399
267,Sg,67.124323
267,Bh,67.127499
267,Hs,67.131678
267,Mt,67.137189
267,Ds,67.143726
268,Rf,68.123968
268,Db,68.125669
268,Sg,68.125389
268,Bh,68.129584
268,Hs,68.132011
268,Mt,68.138649
268,Ds,68.143477
269,Db,69.127911
269,Sg,69.128495
269,Bh,69.130411
269,Hs,69.133649
269,Mt,69.138809
269,Ds,69.14475097
270,Db,70.131399
270,Sg,70.130362
270,Bh,70.133366
270,Hs,70.134313
270,Mt,70.140322
270,Ds,70.14458662
271,Sg,71.133782
271,Bh,71.135115
271,Hs,71.137082
271,Mt,71.140741
271,Ds,71.145951
272,Sg,72.135825
272,Bh,72.138259
272,Hs,72.138492
272,Mt,72.143298
272,Ds,72.146091
272,Rg,72.153273
273,Sg,73.139475
273,Bh,73.140294
273,Hs,73.141458
273,Mt,73.144695
273,Ds,73.148455
273,Rg,73.153393
274,Bh,74.143599
274,Hs,74.143217
274,Mt,74.147343
274,Ds,74.149434
274,Rg,74.155247
275,Bh,75.145766
275,Hs,75.14653
275,Mt,75.148972
275,Ds,75.152085
275,Rg,75.156088
276,Bh,76.149169
276,Hs,76.148348
276,Mt,76.151705
276,Ds,76.153022
276,Rg,76.158226
276,Cn,76.161418
277,Bh,77.151477
277,Hs,77.151772
277,Mt,77.153525
277,Ds,77.155763
277,Rg,77.159322
277,Cn,77.163535
278,Bh,78.154988
278,Hs,78.153753
278,Mt,78.156487
278,Ds,78.157007
278,Rg,78.16159
278,Cn,78.164083
278,Nh,78.170725
279,Hs,79.157274
279,Mt,79.158439
279,Ds,79.159984
279,Rg,79.16288
279,Cn,79.166422
279,Nh,79.171187
280,Hs,80.159335
280,Mt,80.161579
280,Ds,80.161375
280,Rg,80.165204
280,Cn,80.167102
280,Nh,80.173098
281,Mt,81.163608
281,Ds,81.164545
281,Rg,81.166757
281,Cn,81.169563
281,Nh,81.17371
282,Mt,82.166888
282,Ds,82.166174
282,Rg,82.169343
282,Cn,82.170507
282,Nh,82.17577
283,Ds,83.169437
283,Rg,83.171101
283,Cn,83.173202
283,Nh,83.176666
284,Ds,84.171187
284,Rg,84.173882
284,Cn,84.17436
284,Nh,84.178843
284,Fl,84.181192
285,Rg,85.175771
285,Cn,85.177227
285,Nh,85.180106
285,Fl,85.183503
286,Rg,86.178756
286,Cn,86.178691
286,Nh,86.182456
286,Fl,86.184226
287,Cn,87.181826
287,Nh,87.184064
287,Fl,87.18672
287,Mc,87.19082
288,Cn,88.183501
288,Nh,88.186764
288,Fl,88.187781
288,Mc,88.192879
289,Nh,89.188461
289,Fl,89.190517
289,Mc,89.193971
289,Lv,89.198023
290,Nh,90.191429
290,Fl,90.191875
290,Mc,90.196235
290,Lv,90.198635
291,Fl,91.194848
291,Mc,91.197725
291,Lv,91.201014
291,Ts,91.205748
292,Mc,92.200323
292,Lv,92.201969
292,Ts,92.207861
293,Lv,93.204583
293,Ts,93.208727
293,Og,93.213423
294,Ts,94.21084
294,Og,94.213979
295,Og,95.216178
